url,text
https://abcnews.go.com/International/photos/israel-gaza-conflict-slideshow-103808214,"Israel-Gaza-Lebanon-Syria conflict: Slideshow - ABC News, Photos of the Israel-Gaza-Lebanon-Syria conflict., Israel, Palestine, Israeli, Palestinian, Gaza, Gaza Strip, Hamas, Hezbollah, Lebanon, rockets, missiles, Middle East, Tel Aviv, Syria, news slideshow, Slideshow, 103808214"
https://acapt.org/educationevents/advancing-accessibility---disability-summit,"Advancing Accessibility & Disability Equity Summit, The Inclusive Horizons Summit was an in-person, one-and-a-half day summit at the Shirley Ryan AbilityLab in Chicago, Ill. that focused on promoting equal access for students with disabilities in physical therapy education by:
The event brought together a diverse group of ¬†physical therapy professionals, administrators, disability support staff, students with disabilities, and leaders in disability access.
The long-term goal of the summit is to establish best practices and strategies that promote inclusivity and accessibility in the field of physical therapy.
Featured speakers:Lisa Meeks, PhD and Amanda Sharp, PT, DPT, PhD
Special thanks to our sponsors:Northwestern University Physical Therapy and Human Movement Sciences, Federation of State Boards of Physical Therapy (FSBPT), Shirley Ryan AbilityLab, American Physical Therapy Association (APTA), University of South Florida Morsani College of Medicine School of Physical Therapy and Rehabilitation Sciences, and NPTE Final Frontier.
Stay tuned for 2025 dates and programming!
Full story
Full story
Full story
ACAPT welcomes ideas & solutions to help meet the needs of DPT 
programs. Submit your suggestions for continuing education, professional
 development, guidelines, tools, best practices and more.
1020 North Fairfax StreetSuite 401CAlexandria, VA 22314-14881-800-920-8150acapt@acapt.org
The American Council of Academic Physical Therapy (ACAPT) is a component of the American Physical Therapy Association
Copyright ¬© 2024 American Council of Academic Physical Therapy (ACAPT)¬† ¬†|Privacy Policy
Not logged In
Login using your ACAPT id and password."
https://adcable.com/products/rf-communication.html,"RF Wire & Cable Manufacturer | Advanced Digital Cable Inc. - Advanced Digital Cable Inc., Manufacturer of RF 50 Ohm Coaxial Cable, Manufacturer,50 Ohm, RF, Coaxial, Cable, Use the menu to navigate our various products. If there is a particular product you cannot locate, please contact your sales manager for more information.
Download Our Complete RF Cable Catalog
RF Cable Catalog
Since 1997, Advanced Digital Cable (ADC) has grown to become a leading manufacturer of copper and aluminum wire and cable products in the United States by providing market solutions for a wide range of industries and applications. Unlike the competition, ADC is growing organically with new equipment, new technology, new people and new capacity to ensure its position as an industry leader. ADC is committed to developing and manufacturing the highest quality wire and cable products in the United States, at the most competitive market prices, with unsurpassed customer service.
¬©2004-2023 Advanced Digital Cable Inc. All Rights Reserved. 1.800.343.2579All Images, Information and Data Sheets are property of Advanced Digital Cable Inc. and are to only be used with expressed written permission."
https://adventuregamers.com/companies/view/27602,"Adventure games by Terrible Toybox | Adventure Gamers, Terrible Toybox - The complete overview of every adventure game released, Log In|Sign Up
Username
Password
Auto-login on future visits
Show my name in the online users list
Forgot your password?
Logged in as(0)|Log Out
Log In|Sign Up
Username
Password
Auto-login on future visits
Show my name in the online users list
Forgot your password?
Logged in as(0)|Log Out
All adventure games developed and/or published byTerrible Toybox."